No, time, ref, y_nom, y_nn, u_nom, u_nn
1, 0.00000, 0.00000, 0.00000, 0.00063, 0.00000, 0.00000 
2, 0.02000, 0.00000, 0.00000, 0.00071, 0.00000, 0.00000 
3, 0.04000, 0.00000, 0.00000, 0.00116, 0.00000, 0.00000 
4, 0.06000, 0.00000, 0.00000, 0.00126, 0.00000, 0.00000 
5, 0.08000, 0.00000, 0.00000, 0.00158, 0.00000, 0.00000 
6, 0.10000, 0.00000, 0.00000, 0.00168, 0.00000, 0.00000 
7, 0.12000, 0.00000, 0.00000, 0.00191, 0.00000, 0.00001 
8, 0.14000, 0.00000, 0.00000, 0.00201, 0.00000, 0.00001 
9, 0.16000, 0.00000, 0.00000, 0.00217, 0.00000, 0.00001 
10, 0.18000, 0.00000, 0.00000, 0.00225, 0.00000, 0.00002 
11, 0.20000, 0.00000, 0.00000, 0.00236, 0.00000, 0.00002 
12, 0.22000, 0.00000, 0.00000, 0.00243, 0.00000, 0.00002 
13, 0.24000, 0.00000, 0.00000, 0.00251, 0.00000, 0.00003 
14, 0.26000, 0.00000, 0.00000, 0.00256, 0.00000, 0.00003 
15, 0.28000, 0.00000, 0.00000, 0.00262, 0.00000, 0.00004 
16, 0.30000, 0.00000, 0.00000, 0.00266, 0.00000, 0.00005 
17, 0.32000, 0.00000, 0.00000, 0.00271, 0.00000, 0.00005 
18, 0.34000, 0.00000, 0.00000, 0.00275, 0.00000, 0.00006 
19, 0.36000, 0.00000, 0.00000, 0.00278, 0.00000, 0.00007 
20, 0.38000, 0.00000, 0.00000, 0.00282, 0.00000, 0.00007 
21, 0.40000, 0.00000, 0.00000, 0.00285, 0.00000, 0.00008 
22, 0.42000, 0.00000, 0.00000, 0.00288, 0.00000, 0.00009 
23, 0.44000, 0.00000, 0.00000, 0.00291, 0.00000, 0.00010 
24, 0.46000, 0.00000, 0.00000, 0.00294, 0.00000, 0.00011 
25, 0.48000, 0.00000, 0.00000, 0.00298, 0.00000, 0.00011 
26, 0.50000, 0.00000, 0.00000, 0.00301, 0.00000, 0.00012 
27, 0.52000, 0.00000, 0.00000, 0.00305, 0.00000, 0.00013 
28, 0.54000, 0.00000, 0.00000, 0.00308, 0.00000, 0.00014 
29, 0.56000, 0.00000, 0.00000, 0.00312, 0.00000, 0.00015 
30, 0.58000, 0.00000, 0.00000, 0.00316, 0.00000, 0.00016 
31, 0.60000, 0.00000, 0.00000, 0.00320, 0.00000, 0.00016 
32, 0.62000, 0.00000, 0.00000, 0.00324, 0.00000, 0.00017 
33, 0.64000, 0.00000, 0.00000, 0.00328, 0.00000, 0.00018 
34, 0.66000, 0.00000, 0.00000, 0.00333, 0.00000, 0.00019 
35, 0.68000, 0.00000, 0.00000, 0.00337, 0.00000, 0.00020 
36, 0.70000, 0.00000, 0.00000, 0.00342, 0.00000, 0.00020 
37, 0.72000, 0.00000, 0.00000, 0.00347, 0.00000, 0.00021 
38, 0.74000, 0.00000, 0.00000, 0.00351, 0.00000, 0.00022 
39, 0.76000, 0.00000, 0.00000, 0.00356, 0.00000, 0.00023 
40, 0.78000, 0.00000, 0.00000, 0.00361, 0.00000, 0.00023 
41, 0.80000, 0.00000, 0.00000, 0.00366, 0.00000, 0.00024 
42, 0.82000, 0.00000, 0.00000, 0.00371, 0.00000, 0.00025 
43, 0.84000, 0.00000, 0.00000, 0.00377, 0.00000, 0.00025 
44, 0.86000, 0.00000, 0.00000, 0.00382, 0.00000, 0.00026 
45, 0.88000, 0.00000, 0.00000, 0.00387, 0.00000, 0.00027 
46, 0.90000, 0.00000, 0.00000, 0.00392, 0.00000, 0.00027 
47, 0.92000, 0.00000, 0.00000, 0.00397, 0.00000, 0.00028 
48, 0.94000, 0.00000, 0.00000, 0.00402, 0.00000, 0.00029 
49, 0.96000, 0.00000, 0.00000, 0.00407, 0.00000, 0.00029 
50, 0.98000, 0.00000, 0.00000, 0.00412, 0.00000, 0.00030 
51, 1.00000, 0.00000, 0.00000, 0.00418, 0.00000, 0.00031 
52, 1.02000, 0.00000, 0.00000, 0.00423, 0.00000, 0.00031 
53, 1.04000, 0.00000, 0.00000, 0.00428, 0.00000, 0.00032 
54, 1.06000, 0.00000, 0.00000, 0.00432, 0.00000, 0.00033 
55, 1.08000, 0.00000, 0.00000, 0.00437, 0.00000, 0.00033 
56, 1.10000, 0.00000, 0.00000, 0.00442, 0.00000, 0.00034 
57, 1.12000, 0.00000, 0.00000, 0.00447, 0.00000, 0.00034 
58, 1.14000, 0.00000, 0.00000, 0.00452, 0.00000, 0.00035 
59, 1.16000, 0.00000, 0.00000, 0.00456, 0.00000, 0.00035 
60, 1.18000, 0.00000, 0.00000, 0.00461, 0.00000, 0.00036 
61, 1.20000, 0.00000, 0.00000, 0.00466, 0.00000, 0.00037 
62, 1.22000, 0.00000, 0.00000, 0.00470, 0.00000, 0.00037 
63, 1.24000, 0.00000, 0.00000, 0.00475, 0.00000, 0.00038 
64, 1.26000, 0.00000, 0.00000, 0.00479, 0.00000, 0.00038 
65, 1.28000, 0.00000, 0.00000, 0.00483, 0.00000, 0.00039 
66, 1.30000, 0.00000, 0.00000, 0.00488, 0.00000, 0.00039 
67, 1.32000, 0.00000, 0.00000, 0.00492, 0.00000, 0.00040 
68, 1.34000, 0.00000, 0.00000, 0.00496, 0.00000, 0.00040 
69, 1.36000, 0.00000, 0.00000, 0.00500, 0.00000, 0.00041 
70, 1.38000, 0.00000, 0.00000, 0.00504, 0.00000, 0.00041 
71, 1.40000, 0.00000, 0.00000, 0.00508, 0.00000, 0.00042 
72, 1.42000, 0.00000, 0.00000, 0.00512, 0.00000, 0.00042 
73, 1.44000, 0.00000, 0.00000, 0.00516, 0.00000, 0.00043 
74, 1.46000, 0.00000, 0.00000, 0.00520, 0.00000, 0.00043 
75, 1.48000, 0.00000, 0.00000, 0.00524, 0.00000, 0.00044 
76, 1.50000, 0.00000, 0.00000, 0.00528, 0.00000, 0.00044 
77, 1.52000, 0.00000, 0.00000, 0.00531, 0.00000, 0.00045 
78, 1.54000, 0.00000, 0.00000, 0.00535, 0.00000, 0.00045 
79, 1.56000, 0.00000, 0.00000, 0.00539, 0.00000, 0.00045 
80, 1.58000, 0.00000, 0.00000, 0.00542, 0.00000, 0.00046 
81, 1.60000, 0.00000, 0.00000, 0.00546, 0.00000, 0.00046 
82, 1.62000, 0.00000, 0.00000, 0.00549, 0.00000, 0.00047 
83, 1.64000, 0.00000, 0.00000, 0.00553, 0.00000, 0.00047 
84, 1.66000, 0.00000, 0.00000, 0.00556, 0.00000, 0.00048 
85, 1.68000, 0.00000, 0.00000, 0.00560, 0.00000, 0.00048 
86, 1.70000, 0.00000, 0.00000, 0.00563, 0.00000, 0.00049 
87, 1.72000, 0.00000, 0.00000, 0.00566, 0.00000, 0.00049 
88, 1.74000, 0.00000, 0.00000, 0.00570, 0.00000, 0.00049 
89, 1.76000, 0.00000, 0.00000, 0.00573, 0.00000, 0.00050 
90, 1.78000, 0.00000, 0.00000, 0.00576, 0.00000, 0.00050 
91, 1.80000, 0.00000, 0.00000, 0.00579, 0.00000, 0.00051 
92, 1.82000, 0.00000, 0.00000, 0.00583, 0.00000, 0.00051 
93, 1.84000, 0.00000, 0.00000, 0.00586, 0.00000, 0.00051 
94, 1.86000, 0.00000, 0.00000, 0.00589, 0.00000, 0.00052 
95, 1.88000, 0.00000, 0.00000, 0.00592, 0.00000, 0.00052 
96, 1.90000, 0.00000, 0.00000, 0.00595, 0.00000, 0.00053 
97, 1.92000, 0.00000, 0.00000, 0.00598, 0.00000, 0.00053 
98, 1.94000, 0.00000, 0.00000, 0.00601, 0.00000, 0.00053 
99, 1.96000, 0.00000, 0.00000, 0.00604, 0.00000, 0.00054 
100, 1.98000, 0.00000, 0.00000, 0.00607, 0.00000, 0.00054 
101, 2.00000, 0.00000, 0.00000, 0.00609, 0.00000, 0.00054 
102, 2.02000, 0.00000, 0.00000, 0.00612, 0.00000, 0.00055 
103, 2.04000, 0.00000, 0.00000, 0.00615, 0.00000, 0.00055 
104, 2.06000, 0.00000, 0.00000, 0.00618, 0.00000, 0.00055 
105, 2.08000, 0.00000, 0.00000, 0.00621, 0.00000, 0.00056 
106, 2.10000, 0.00000, 0.00000, 0.00623, 0.00000, 0.00056 
107, 2.12000, 0.00000, 0.00000, 0.00626, 0.00000, 0.00056 
108, 2.14000, 0.00000, 0.00000, 0.00629, 0.00000, 0.00057 
109, 2.16000, 0.00000, 0.00000, 0.00631, 0.00000, 0.00057 
110, 2.18000, 0.00000, 0.00000, 0.00634, 0.00000, 0.00057 
111, 2.20000, 0.00000, 0.00000, 0.00637, 0.00000, 0.00058 
112, 2.22000, 0.00000, 0.00000, 0.00639, 0.00000, 0.00058 
113, 2.24000, 0.00000, 0.00000, 0.00642, 0.00000, 0.00058 
114, 2.26000, 0.00000, 0.00000, 0.00644, 0.00000, 0.00059 
115, 2.28000, 0.00000, 0.00000, 0.00647, 0.00000, 0.00059 
116, 2.30000, 0.00000, 0.00000, 0.00649, 0.00000, 0.00059 
117, 2.32000, 0.00000, 0.00000, 0.00651, 0.00000, 0.00060 
118, 2.34000, 0.00000, 0.00000, 0.00654, 0.00000, 0.00060 
119, 2.36000, 0.00000, 0.00000, 0.00656, 0.00000, 0.00060 
120, 2.38000, 0.00000, 0.00000, 0.00659, 0.00000, 0.00060 
121, 2.40000, 0.00000, 0.00000, 0.00661, 0.00000, 0.00061 
122, 2.42000, 0.00000, 0.00000, 0.00663, 0.00000, 0.00061 
123, 2.44000, 0.00000, 0.00000, 0.00665, 0.00000, 0.00061 
124, 2.46000, 0.00000, 0.00000, 0.00668, 0.00000, 0.00062 
125, 2.48000, 0.00000, 0.00000, 0.00670, 0.00000, 0.00062 
126, 2.50000, 0.00000, 0.00000, 0.00672, 0.00000, 0.00062 
127, 2.52000, 0.00000, 0.00000, 0.00674, 0.00000, 0.00062 
128, 2.54000, 0.00000, 0.00000, 0.00676, 0.00000, 0.00063 
129, 2.56000, 0.00000, 0.00000, 0.00679, 0.00000, 0.00063 
130, 2.58000, 0.00000, 0.00000, 0.00681, 0.00000, 0.00063 
131, 2.60000, 0.00000, 0.00000, 0.00683, 0.00000, 0.00063 
132, 2.62000, 0.00000, 0.00000, 0.00685, 0.00000, 0.00064 
133, 2.64000, 0.00000, 0.00000, 0.00687, 0.00000, 0.00064 
134, 2.66000, 0.00000, 0.00000, 0.00689, 0.00000, 0.00064 
135, 2.68000, 0.00000, 0.00000, 0.00691, 0.00000, 0.00064 
136, 2.70000, 0.00000, 0.00000, 0.00693, 0.00000, 0.00065 
137, 2.72000, 0.00000, 0.00000, 0.00695, 0.00000, 0.00065 
138, 2.74000, 0.00000, 0.00000, 0.00697, 0.00000, 0.00065 
139, 2.76000, 0.00000, 0.00000, 0.00699, 0.00000, 0.00065 
140, 2.78000, 0.00000, 0.00000, 0.00700, 0.00000, 0.00066 
141, 2.80000, 0.00000, 0.00000, 0.00702, 0.00000, 0.00066 
142, 2.82000, 0.00000, 0.00000, 0.00704, 0.00000, 0.00066 
143, 2.84000, 0.00000, 0.00000, 0.00706, 0.00000, 0.00066 
144, 2.86000, 0.00000, 0.00000, 0.00708, 0.00000, 0.00067 
145, 2.88000, 0.00000, 0.00000, 0.00710, 0.00000, 0.00067 
146, 2.90000, 0.00000, 0.00000, 0.00711, 0.00000, 0.00067 
147, 2.92000, 0.00000, 0.00000, 0.00713, 0.00000, 0.00067 
148, 2.94000, 0.00000, 0.00000, 0.00715, 0.00000, 0.00067 
149, 2.96000, 0.00000, 0.00000, 0.00717, 0.00000, 0.00068 
150, 2.98000, 0.00000, 0.00000, 0.00718, 0.00000, 0.00068 
151, 3.00000, 0.00000, 0.00000, 0.00720, 0.00000, 0.00068 
152, 3.02000, 0.00000, 0.00000, 0.00722, 0.00000, 0.00068 
153, 3.04000, 0.00000, 0.00000, 0.00723, 0.00000, 0.00069 
154, 3.06000, 0.00000, 0.00000, 0.00725, 0.00000, 0.00069 
155, 3.08000, 0.00000, 0.00000, 0.00726, 0.00000, 0.00069 
156, 3.10000, 0.00000, 0.00000, 0.00728, 0.00000, 0.00069 
157, 3.12000, 0.00000, 0.00000, 0.00730, 0.00000, 0.00069 
158, 3.14000, 0.00000, 0.00000, 0.00731, 0.00000, 0.00070 
159, 3.16000, 0.00000, 0.00000, 0.00733, 0.00000, 0.00070 
160, 3.18000, 0.00000, 0.00000, 0.00734, 0.00000, 0.00070 
161, 3.20000, 0.00000, 0.00000, 0.00736, 0.00000, 0.00070 
162, 3.22000, 0.00000, 0.00000, 0.00737, 0.00000, 0.00070 
163, 3.24000, 0.00000, 0.00000, 0.00739, 0.00000, 0.00070 
164, 3.26000, 0.00000, 0.00000, 0.00740, 0.00000, 0.00071 
165, 3.28000, 0.00000, 0.00000, 0.00742, 0.00000, 0.00071 
166, 3.30000, 0.00000, 0.00000, 0.00743, 0.00000, 0.00071 
167, 3.32000, 0.00000, 0.00000, 0.00744, 0.00000, 0.00071 
168, 3.34000, 0.00000, 0.00000, 0.00746, 0.00000, 0.00071 
169, 3.36000, 0.00000, 0.00000, 0.00747, 0.00000, 0.00072 
170, 3.38000, 0.00000, 0.00000, 0.00749, 0.00000, 0.00072 
171, 3.40000, 0.00000, 0.00000, 0.00750, 0.00000, 0.00072 
172, 3.42000, 0.00000, 0.00000, 0.00751, 0.00000, 0.00072 
173, 3.44000, 0.00000, 0.00000, 0.00753, 0.00000, 0.00072 
174, 3.46000, 0.00000, 0.00000, 0.00754, 0.00000, 0.00072 
175, 3.48000, 0.00000, 0.00000, 0.00755, 0.00000, 0.00073 
176, 3.50000, 0.00000, 0.00000, 0.00756, 0.00000, 0.00073 
177, 3.52000, 0.00000, 0.00000, 0.00758, 0.00000, 0.00073 
178, 3.54000, 0.00000, 0.00000, 0.00759, 0.00000, 0.00073 
179, 3.56000, 0.00000, 0.00000, 0.00760, 0.00000, 0.00073 
180, 3.58000, 0.00000, 0.00000, 0.00761, 0.00000, 0.00073 
181, 3.60000, 0.00000, 0.00000, 0.00763, 0.00000, 0.00073 
182, 3.62000, 0.00000, 0.00000, 0.00764, 0.00000, 0.00074 
183, 3.64000, 0.00000, 0.00000, 0.00765, 0.00000, 0.00074 
184, 3.66000, 0.00000, 0.00000, 0.00766, 0.00000, 0.00074 
185, 3.68000, 0.00000, 0.00000, 0.00767, 0.00000, 0.00074 
186, 3.70000, 0.00000, 0.00000, 0.00769, 0.00000, 0.00074 
187, 3.72000, 0.00000, 0.00000, 0.00770, 0.00000, 0.00074 
188, 3.74000, 0.00000, 0.00000, 0.00771, 0.00000, 0.00074 
189, 3.76000, 0.00000, 0.00000, 0.00772, 0.00000, 0.00075 
190, 3.78000, 0.00000, 0.00000, 0.00773, 0.00000, 0.00075 
191, 3.80000, 0.00000, 0.00000, 0.00774, 0.00000, 0.00075 
192, 3.82000, 0.00000, 0.00000, 0.00775, 0.00000, 0.00075 
193, 3.84000, 0.00000, 0.00000, 0.00776, 0.00000, 0.00075 
194, 3.86000, 0.00000, 0.00000, 0.00777, 0.00000, 0.00075 
195, 3.88000, 0.00000, 0.00000, 0.00778, 0.00000, 0.00075 
196, 3.90000, 0.00000, 0.00000, 0.00779, 0.00000, 0.00076 
197, 3.92000, 0.00000, 0.00000, 0.00780, 0.00000, 0.00076 
198, 3.94000, 0.00000, 0.00000, 0.00781, 0.00000, 0.00076 
199, 3.96000, 0.00000, 0.00000, 0.00782, 0.00000, 0.00076 
200, 3.98000, 0.00000, 0.00000, 0.00783, 0.00000, 0.00076 
201, 4.00000, 0.00000, 0.00000, 0.00784, 0.00000, 0.00076 
202, 4.02000, 0.00000, 0.00000, 0.00785, 0.00000, 0.00076 
203, 4.04000, 0.00000, 0.00000, 0.00786, 0.00000, 0.00076 
204, 4.06000, 0.00000, 0.00000, 0.00787, 0.00000, 0.00077 
205, 4.08000, 0.00000, 0.00000, 0.00788, 0.00000, 0.00077 
206, 4.10000, 0.00000, 0.00000, 0.00789, 0.00000, 0.00077 
207, 4.12000, 0.00000, 0.00000, 0.00790, 0.00000, 0.00077 
208, 4.14000, 0.00000, 0.00000, 0.00791, 0.00000, 0.00077 
209, 4.16000, 0.00000, 0.00000, 0.00792, 0.00000, 0.00077 
210, 4.18000, 0.00000, 0.00000, 0.00793, 0.00000, 0.00077 
211, 4.20000, 0.00000, 0.00000, 0.00794, 0.00000, 0.00077 
212, 4.22000, 0.00000, 0.00000, 0.00795, 0.00000, 0.00077 
213, 4.24000, 0.00000, 0.00000, 0.00795, 0.00000, 0.00078 
214, 4.26000, 0.00000, 0.00000, 0.00796, 0.00000, 0.00078 
215, 4.28000, 0.00000, 0.00000, 0.00797, 0.00000, 0.00078 
216, 4.30000, 0.00000, 0.00000, 0.00798, 0.00000, 0.00078 
217, 4.32000, 0.00000, 0.00000, 0.00799, 0.00000, 0.00078 
218, 4.34000, 0.00000, 0.00000, 0.00800, 0.00000, 0.00078 
219, 4.36000, 0.00000, 0.00000, 0.00800, 0.00000, 0.00078 
220, 4.38000, 0.00000, 0.00000, 0.00801, 0.00000, 0.00078 
221, 4.40000, 0.00000, 0.00000, 0.00802, 0.00000, 0.00078 
222, 4.42000, 0.00000, 0.00000, 0.00803, 0.00000, 0.00078 
223, 4.44000, 0.00000, 0.00000, 0.00804, 0.00000, 0.00079 
224, 4.46000, 0.00000, 0.00000, 0.00804, 0.00000, 0.00079 
225, 4.48000, 0.00000, 0.00000, 0.00805, 0.00000, 0.00079 
226, 4.50000, 0.00000, 0.00000, 0.00806, 0.00000, 0.00079 
227, 4.52000, 0.00000, 0.00000, 0.00807, 0.00000, 0.00079 
228, 4.54000, 0.00000, 0.00000, 0.00807, 0.00000, 0.00079 
229, 4.56000, 0.00000, 0.00000, 0.00808, 0.00000, 0.00079 
230, 4.58000, 0.00000, 0.00000, 0.00809, 0.00000, 0.00079 
231, 4.60000, 0.00000, 0.00000, 0.00809, 0.00000, 0.00079 
232, 4.62000, 0.00000, 0.00000, 0.00810, 0.00000, 0.00079 
233, 4.64000, 0.00000, 0.00000, 0.00811, 0.00000, 0.00079 
234, 4.66000, 0.00000, 0.00000, 0.00812, 0.00000, 0.00080 
235, 4.68000, 0.00000, 0.00000, 0.00812, 0.00000, 0.00080 
236, 4.70000, 0.00000, 0.00000, 0.00813, 0.00000, 0.00080 
237, 4.72000, 0.00000, 0.00000, 0.00814, 0.00000, 0.00080 
238, 4.74000, 0.00000, 0.00000, 0.00814, 0.00000, 0.00080 
239, 4.76000, 0.00000, 0.00000, 0.00815, 0.00000, 0.00080 
240, 4.78000, 0.00000, 0.00000, 0.00815, 0.00000, 0.00080 
241, 4.80000, 0.00000, 0.00000, 0.00816, 0.00000, 0.00080 
242, 4.82000, 0.00000, 0.00000, 0.00817, 0.00000, 0.00080 
243, 4.84000, 0.00000, 0.00000, 0.00817, 0.00000, 0.00080 
244, 4.86000, 0.00000, 0.00000, 0.00818, 0.00000, 0.00080 
245, 4.88000, 0.00000, 0.00000, 0.00819, 0.00000, 0.00080 
246, 4.90000, 0.00000, 0.00000, 0.00819, 0.00000, 0.00081 
247, 4.92000, 0.00000, 0.00000, 0.00820, 0.00000, 0.00081 
248, 4.94000, 0.00000, 0.00000, 0.00820, 0.00000, 0.00081 
249, 4.96000, 0.00000, 0.00000, 0.00821, 0.00000, 0.00081 
250, 4.98000, 0.00000, 0.00000, 0.00822, 0.00000, 0.00081 
251, 5.00000, 0.00000, 0.00000, 0.00822, 0.00000, 0.00081 
252, 5.02000, 0.00000, 0.00000, 0.00823, 0.00000, 0.00081 
253, 5.04000, 0.00000, 0.00000, 0.00823, 0.00000, 0.00081 
254, 5.06000, 0.00000, 0.00000, 0.00824, 0.00000, 0.00081 
255, 5.08000, 0.00000, 0.00000, 0.00824, 0.00000, 0.00081 
256, 5.10000, 0.00000, 0.00000, 0.00825, 0.00000, 0.00081 
257, 5.12000, 0.00000, 0.00000, 0.00825, 0.00000, 0.00081 
258, 5.14000, 0.00000, 0.00000, 0.00826, 0.00000, 0.00081 
259, 5.16000, 0.00000, 0.00000, 0.00826, 0.00000, 0.00081 
260, 5.18000, 0.00000, 0.00000, 0.00827, 0.00000, 0.00082 
261, 5.20000, 0.00000, 0.00000, 0.00828, 0.00000, 0.00082 
262, 5.22000, 0.00000, 0.00000, 0.00828, 0.00000, 0.00082 
263, 5.24000, 0.00000, 0.00000, 0.00829, 0.00000, 0.00082 
264, 5.26000, 0.00000, 0.00000, 0.00829, 0.00000, 0.00082 
265, 5.28000, 0.00000, 0.00000, 0.00830, 0.00000, 0.00082 
266, 5.30000, 0.00000, 0.00000, 0.00830, 0.00000, 0.00082 
267, 5.32000, 0.00000, 0.00000, 0.00830, 0.00000, 0.00082 
268, 5.34000, 0.00000, 0.00000, 0.00831, 0.00000, 0.00082 
269, 5.36000, 0.00000, 0.00000, 0.00831, 0.00000, 0.00082 
270, 5.38000, 0.00000, 0.00000, 0.00832, 0.00000, 0.00082 
271, 5.40000, 0.00000, 0.00000, 0.00832, 0.00000, 0.00082 
272, 5.42000, 0.00000, 0.00000, 0.00833, 0.00000, 0.00082 
273, 5.44000, 0.00000, 0.00000, 0.00833, 0.00000, 0.00082 
274, 5.46000, 0.00000, 0.00000, 0.00834, 0.00000, 0.00082 
275, 5.48000, 0.00000, 0.00000, 0.00834, 0.00000, 0.00082 
276, 5.50000, 0.00000, 0.00000, 0.00835, 0.00000, 0.00082 
277, 5.52000, 0.00000, 0.00000, 0.00835, 0.00000, 0.00083 
278, 5.54000, 0.00000, 0.00000, 0.00835, 0.00000, 0.00083 
279, 5.56000, 0.00000, 0.00000, 0.00836, 0.00000, 0.00083 
280, 5.58000, 0.00000, 0.00000, 0.00836, 0.00000, 0.00083 
281, 5.60000, 0.00000, 0.00000, 0.00837, 0.00000, 0.00083 
282, 5.62000, 0.00000, 0.00000, 0.00837, 0.00000, 0.00083 
283, 5.64000, 0.00000, 0.00000, 0.00838, 0.00000, 0.00083 
284, 5.66000, 0.00000, 0.00000, 0.00838, 0.00000, 0.00083 
285, 5.68000, 0.00000, 0.00000, 0.00838, 0.00000, 0.00083 
286, 5.70000, 0.00000, 0.00000, 0.00839, 0.00000, 0.00083 
287, 5.72000, 0.00000, 0.00000, 0.00839, 0.00000, 0.00083 
288, 5.74000, 0.00000, 0.00000, 0.00839, 0.00000, 0.00083 
289, 5.76000, 0.00000, 0.00000, 0.00840, 0.00000, 0.00083 
290, 5.78000, 0.00000, 0.00000, 0.00840, 0.00000, 0.00083 
291, 5.80000, 0.00000, 0.00000, 0.00841, 0.00000, 0.00083 
292, 5.82000, 0.00000, 0.00000, 0.00841, 0.00000, 0.00083 
293, 5.84000, 0.00000, 0.00000, 0.00841, 0.00000, 0.00083 
294, 5.86000, 0.00000, 0.00000, 0.00842, 0.00000, 0.00083 
295, 5.88000, 0.00000, 0.00000, 0.00842, 0.00000, 0.00083 
296, 5.90000, 0.00000, 0.00000, 0.00842, 0.00000, 0.00083 
297, 5.92000, 0.00000, 0.00000, 0.00843, 0.00000, 0.00083 
298, 5.94000, 0.00000, 0.00000, 0.00843, 0.00000, 0.00084 
299, 5.96000, 0.00000, 0.00000, 0.00843, 0.00000, 0.00084 
300, 5.98000, 0.00000, 0.00000, 0.00844, 0.00000, 0.00084 
301, 6.00000, 0.00000, 0.00000, 0.00844, 0.00000, 0.00084 
302, 6.02000, 0.00000, 0.00000, 0.00844, 0.00000, 0.00084 
303, 6.04000, 0.00000, 0.00000, 0.00845, 0.00000, 0.00084 
304, 6.06000, 0.00000, 0.00000, 0.00845, 0.00000, 0.00084 
305, 6.08000, 0.00000, 0.00000, 0.00845, 0.00000, 0.00084 
306, 6.10000, 0.00000, 0.00000, 0.00846, 0.00000, 0.00084 
307, 6.12000, 0.00000, 0.00000, 0.00846, 0.00000, 0.00084 
308, 6.14000, 0.00000, 0.00000, 0.00846, 0.00000, 0.00084 
309, 6.16000, 0.00000, 0.00000, 0.00847, 0.00000, 0.00084 
310, 6.18000, 0.00000, 0.00000, 0.00847, 0.00000, 0.00084 
311, 6.20000, 0.00000, 0.00000, 0.00847, 0.00000, 0.00084 
312, 6.22000, 0.00000, 0.00000, 0.00848, 0.00000, 0.00084 
313, 6.24000, 0.00000, 0.00000, 0.00848, 0.00000, 0.00084 
314, 6.26000, 0.00000, 0.00000, 0.00848, 0.00000, 0.00084 
315, 6.28000, 0.00000, 0.00000, 0.00848, 0.00000, 0.00084 
316, 6.30000, 0.00000, 0.00000, 0.00849, 0.00000, 0.00084 
317, 6.32000, 0.00000, 0.00000, 0.00849, 0.00000, 0.00084 
318, 6.34000, 0.00000, 0.00000, 0.00849, 0.00000, 0.00084 
319, 6.36000, 0.00000, 0.00000, 0.00850, 0.00000, 0.00084 
320, 6.38000, 0.00000, 0.00000, 0.00850, 0.00000, 0.00084 
321, 6.40000, 0.00000, 0.00000, 0.00850, 0.00000, 0.00084 
322, 6.42000, 0.00000, 0.00000, 0.00850, 0.00000, 0.00084 
323, 6.44000, 0.00000, 0.00000, 0.00851, 0.00000, 0.00084 
324, 6.46000, 0.00000, 0.00000, 0.00851, 0.00000, 0.00084 
325, 6.48000, 0.00000, 0.00000, 0.00851, 0.00000, 0.00085 
326, 6.50000, 0.00000, 0.00000, 0.00851, 0.00000, 0.00085 
327, 6.52000, 0.00000, 0.00000, 0.00852, 0.00000, 0.00085 
328, 6.54000, 0.00000, 0.00000, 0.00852, 0.00000, 0.00085 
329, 6.56000, 0.00000, 0.00000, 0.00852, 0.00000, 0.00085 
330, 6.58000, 0.00000, 0.00000, 0.00852, 0.00000, 0.00085 
331, 6.60000, 0.00000, 0.00000, 0.00853, 0.00000, 0.00085 
332, 6.62000, 0.00000, 0.00000, 0.00853, 0.00000, 0.00085 
333, 6.64000, 0.00000, 0.00000, 0.00853, 0.00000, 0.00085 
334, 6.66000, 0.00000, 0.00000, 0.00853, 0.00000, 0.00085 
335, 6.68000, 0.00000, 0.00000, 0.00854, 0.00000, 0.00085 
336, 6.70000, 0.00000, 0.00000, 0.00854, 0.00000, 0.00085 
337, 6.72000, 0.00000, 0.00000, 0.00854, 0.00000, 0.00085 
338, 6.74000, 0.00000, 0.00000, 0.00854, 0.00000, 0.00085 
339, 6.76000, 0.00000, 0.00000, 0.00854, 0.00000, 0.00085 
340, 6.78000, 0.00000, 0.00000, 0.00855, 0.00000, 0.00085 
341, 6.80000, 0.00000, 0.00000, 0.00855, 0.00000, 0.00085 
342, 6.82000, 0.00000, 0.00000, 0.00855, 0.00000, 0.00085 
343, 6.84000, 0.00000, 0.00000, 0.00855, 0.00000, 0.00085 
344, 6.86000, 0.00000, 0.00000, 0.00856, 0.00000, 0.00085 
345, 6.88000, 0.00000, 0.00000, 0.00856, 0.00000, 0.00085 
346, 6.90000, 0.00000, 0.00000, 0.00856, 0.00000, 0.00085 
347, 6.92000, 0.00000, 0.00000, 0.00856, 0.00000, 0.00085 
348, 6.94000, 0.00000, 0.00000, 0.00856, 0.00000, 0.00085 
349, 6.96000, 0.00000, 0.00000, 0.00857, 0.00000, 0.00085 
350, 6.98000, 0.00000, 0.00000, 0.00857, 0.00000, 0.00085 
351, 7.00000, 0.00000, 0.00000, 0.00857, 0.00000, 0.00085 
352, 7.02000, 0.00000, 0.00000, 0.00857, 0.00000, 0.00085 
353, 7.04000, 0.00000, 0.00000, 0.00857, 0.00000, 0.00085 
354, 7.06000, 0.00000, 0.00000, 0.00858, 0.00000, 0.00085 
355, 7.08000, 0.00000, 0.00000, 0.00858, 0.00000, 0.00085 
356, 7.10000, 0.00000, 0.00000, 0.00858, 0.00000, 0.00085 
357, 7.12000, 0.00000, 0.00000, 0.00858, 0.00000, 0.00085 
358, 7.14000, 0.00000, 0.00000, 0.00858, 0.00000, 0.00085 
359, 7.16000, 0.00000, 0.00000, 0.00858, 0.00000, 0.00085 
360, 7.18000, 0.00000, 0.00000, 0.00859, 0.00000, 0.00085 
361, 7.20000, 0.00000, 0.00000, 0.00859, 0.00000, 0.00085 
362, 7.22000, 0.00000, 0.00000, 0.00859, 0.00000, 0.00085 
363, 7.24000, 0.00000, 0.00000, 0.00859, 0.00000, 0.00086 
364, 7.26000, 0.00000, 0.00000, 0.00859, 0.00000, 0.00086 
365, 7.28000, 0.00000, 0.00000, 0.00859, 0.00000, 0.00086 
366, 7.30000, 0.00000, 0.00000, 0.00860, 0.00000, 0.00086 
367, 7.32000, 0.00000, 0.00000, 0.00860, 0.00000, 0.00086 
368, 7.34000, 0.00000, 0.00000, 0.00860, 0.00000, 0.00086 
369, 7.36000, 0.00000, 0.00000, 0.00860, 0.00000, 0.00086 
370, 7.38000, 0.00000, 0.00000, 0.00860, 0.00000, 0.00086 
371, 7.40000, 0.00000, 0.00000, 0.00860, 0.00000, 0.00086 
372, 7.42000, 0.00000, 0.00000, 0.00861, 0.00000, 0.00086 
373, 7.44000, 0.00000, 0.00000, 0.00861, 0.00000, 0.00086 
374, 7.46000, 0.00000, 0.00000, 0.00861, 0.00000, 0.00086 
375, 7.48000, 0.00000, 0.00000, 0.00861, 0.00000, 0.00086 
376, 7.50000, 0.00000, 0.00000, 0.00861, 0.00000, 0.00086 
377, 7.52000, 0.00000, 0.00000, 0.00861, 0.00000, 0.00086 
378, 7.54000, 0.00000, 0.00000, 0.00862, 0.00000, 0.00086 
379, 7.56000, 0.00000, 0.00000, 0.00862, 0.00000, 0.00086 
380, 7.58000, 0.00000, 0.00000, 0.00862, 0.00000, 0.00086 
381, 7.60000, 0.00000, 0.00000, 0.00862, 0.00000, 0.00086 
382, 7.62000, 0.00000, 0.00000, 0.00862, 0.00000, 0.00086 
383, 7.64000, 0.00000, 0.00000, 0.00862, 0.00000, 0.00086 
384, 7.66000, 0.00000, 0.00000, 0.00862, 0.00000, 0.00086 
385, 7.68000, 0.00000, 0.00000, 0.00862, 0.00000, 0.00086 
386, 7.70000, 0.00000, 0.00000, 0.00863, 0.00000, 0.00086 
387, 7.72000, 0.00000, 0.00000, 0.00863, 0.00000, 0.00086 
388, 7.74000, 0.00000, 0.00000, 0.00863, 0.00000, 0.00086 
389, 7.76000, 0.00000, 0.00000, 0.00863, 0.00000, 0.00086 
390, 7.78000, 0.00000, 0.00000, 0.00863, 0.00000, 0.00086 
391, 7.80000, 0.00000, 0.00000, 0.00863, 0.00000, 0.00086 
392, 7.82000, 0.00000, 0.00000, 0.00863, 0.00000, 0.00086 
393, 7.84000, 0.00000, 0.00000, 0.00864, 0.00000, 0.00086 
394, 7.86000, 0.00000, 0.00000, 0.00864, 0.00000, 0.00086 
395, 7.88000, 0.00000, 0.00000, 0.00864, 0.00000, 0.00086 
396, 7.90000, 0.00000, 0.00000, 0.00864, 0.00000, 0.00086 
397, 7.92000, 0.00000, 0.00000, 0.00864, 0.00000, 0.00086 
398, 7.94000, 0.00000, 0.00000, 0.00864, 0.00000, 0.00086 
399, 7.96000, 0.00000, 0.00000, 0.00864, 0.00000, 0.00086 
400, 7.98000, 0.00000, 0.00000, 0.00864, 0.00000, 0.00086 
401, 8.00000, 0.00000, 0.00000, 0.00864, 0.00000, 0.00086 
402, 8.02000, 0.00000, 0.00000, 0.00865, 0.00000, 0.00086 
403, 8.04000, 0.00000, 0.00000, 0.00865, 0.00000, 0.00086 
404, 8.06000, 0.00000, 0.00000, 0.00865, 0.00000, 0.00086 
405, 8.08000, 0.00000, 0.00000, 0.00865, 0.00000, 0.00086 
406, 8.10000, 0.00000, 0.00000, 0.00865, 0.00000, 0.00086 
407, 8.12000, 0.00000, 0.00000, 0.00865, 0.00000, 0.00086 
408, 8.14000, 0.00000, 0.00000, 0.00865, 0.00000, 0.00086 
409, 8.16000, 0.00000, 0.00000, 0.00865, 0.00000, 0.00086 
410, 8.18000, 0.00000, 0.00000, 0.00865, 0.00000, 0.00086 
411, 8.20000, 0.00000, 0.00000, 0.00866, 0.00000, 0.00086 
412, 8.22000, 0.00000, 0.00000, 0.00866, 0.00000, 0.00086 
413, 8.24000, 0.00000, 0.00000, 0.00866, 0.00000, 0.00086 
414, 8.26000, 0.00000, 0.00000, 0.00866, 0.00000, 0.00086 
415, 8.28000, 0.00000, 0.00000, 0.00866, 0.00000, 0.00086 
416, 8.30000, 0.00000, 0.00000, 0.00866, 0.00000, 0.00086 
417, 8.32000, 0.00000, 0.00000, 0.00866, 0.00000, 0.00086 
418, 8.34000, 0.00000, 0.00000, 0.00866, 0.00000, 0.00086 
419, 8.36000, 0.00000, 0.00000, 0.00866, 0.00000, 0.00086 
420, 8.38000, 0.00000, 0.00000, 0.00866, 0.00000, 0.00086 
421, 8.40000, 0.00000, 0.00000, 0.00867, 0.00000, 0.00086 
422, 8.42000, 0.00000, 0.00000, 0.00867, 0.00000, 0.00086 
423, 8.44000, 0.00000, 0.00000, 0.00867, 0.00000, 0.00086 
424, 8.46000, 0.00000, 0.00000, 0.00867, 0.00000, 0.00086 
425, 8.48000, 0.00000, 0.00000, 0.00867, 0.00000, 0.00086 
426, 8.50000, 0.00000, 0.00000, 0.00867, 0.00000, 0.00086 
427, 8.52000, 0.00000, 0.00000, 0.00867, 0.00000, 0.00087 
428, 8.54000, 0.00000, 0.00000, 0.00867, 0.00000, 0.00087 
429, 8.56000, 0.00000, 0.00000, 0.00867, 0.00000, 0.00087 
430, 8.58000, 0.00000, 0.00000, 0.00867, 0.00000, 0.00087 
431, 8.60000, 0.00000, 0.00000, 0.00867, 0.00000, 0.00087 
432, 8.62000, 0.00000, 0.00000, 0.00867, 0.00000, 0.00087 
433, 8.64000, 0.00000, 0.00000, 0.00868, 0.00000, 0.00087 
434, 8.66000, 0.00000, 0.00000, 0.00868, 0.00000, 0.00087 
435, 8.68000, 0.00000, 0.00000, 0.00868, 0.00000, 0.00087 
436, 8.70000, 0.00000, 0.00000, 0.00868, 0.00000, 0.00087 
437, 8.72000, 0.00000, 0.00000, 0.00868, 0.00000, 0.00087 
438, 8.74000, 0.00000, 0.00000, 0.00868, 0.00000, 0.00087 
439, 8.76000, 0.00000, 0.00000, 0.00868, 0.00000, 0.00087 
440, 8.78000, 0.00000, 0.00000, 0.00868, 0.00000, 0.00087 
441, 8.80000, 0.00000, 0.00000, 0.00868, 0.00000, 0.00087 
442, 8.82000, 0.00000, 0.00000, 0.00868, 0.00000, 0.00087 
443, 8.84000, 0.00000, 0.00000, 0.00868, 0.00000, 0.00087 
444, 8.86000, 0.00000, 0.00000, 0.00868, 0.00000, 0.00087 
445, 8.88000, 0.00000, 0.00000, 0.00868, 0.00000, 0.00087 
446, 8.90000, 0.00000, 0.00000, 0.00869, 0.00000, 0.00087 
447, 8.92000, 0.00000, 0.00000, 0.00869, 0.00000, 0.00087 
448, 8.94000, 0.00000, 0.00000, 0.00869, 0.00000, 0.00087 
449, 8.96000, 0.00000, 0.00000, 0.00869, 0.00000, 0.00087 
450, 8.98000, 0.00000, 0.00000, 0.00869, 0.00000, 0.00087 
451, 9.00000, 0.00000, 0.00000, 0.00869, 0.00000, 0.00087 
452, 9.02000, 0.00000, 0.00000, 0.00869, 0.00000, 0.00087 
453, 9.04000, 0.00000, 0.00000, 0.00869, 0.00000, 0.00087 
454, 9.06000, 0.00000, 0.00000, 0.00869, 0.00000, 0.00087 
455, 9.08000, 0.00000, 0.00000, 0.00869, 0.00000, 0.00087 
456, 9.10000, 0.00000, 0.00000, 0.00869, 0.00000, 0.00087 
457, 9.12000, 0.00000, 0.00000, 0.00869, 0.00000, 0.00087 
458, 9.14000, 0.00000, 0.00000, 0.00869, 0.00000, 0.00087 
459, 9.16000, 0.00000, 0.00000, 0.00869, 0.00000, 0.00087 
460, 9.18000, 0.00000, 0.00000, 0.00869, 0.00000, 0.00087 
461, 9.20000, 0.00000, 0.00000, 0.00869, 0.00000, 0.00087 
462, 9.22000, 0.00000, 0.00000, 0.00870, 0.00000, 0.00087 
463, 9.24000, 0.00000, 0.00000, 0.00870, 0.00000, 0.00087 
464, 9.26000, 0.00000, 0.00000, 0.00870, 0.00000, 0.00087 
465, 9.28000, 0.00000, 0.00000, 0.00870, 0.00000, 0.00087 
466, 9.30000, 0.00000, 0.00000, 0.00870, 0.00000, 0.00087 
467, 9.32000, 0.00000, 0.00000, 0.00870, 0.00000, 0.00087 
468, 9.34000, 0.00000, 0.00000, 0.00870, 0.00000, 0.00087 
469, 9.36000, 0.00000, 0.00000, 0.00870, 0.00000, 0.00087 
470, 9.38000, 0.00000, 0.00000, 0.00870, 0.00000, 0.00087 
471, 9.40000, 0.00000, 0.00000, 0.00870, 0.00000, 0.00087 
472, 9.42000, 0.00000, 0.00000, 0.00870, 0.00000, 0.00087 
473, 9.44000, 0.00000, 0.00000, 0.00870, 0.00000, 0.00087 
474, 9.46000, 0.00000, 0.00000, 0.00870, 0.00000, 0.00087 
475, 9.48000, 0.00000, 0.00000, 0.00870, 0.00000, 0.00087 
476, 9.50000, 0.00000, 0.00000, 0.00870, 0.00000, 0.00087 
477, 9.52000, 0.00000, 0.00000, 0.00870, 0.00000, 0.00087 
478, 9.54000, 0.00000, 0.00000, 0.00870, 0.00000, 0.00087 
479, 9.56000, 0.00000, 0.00000, 0.00870, 0.00000, 0.00087 
480, 9.58000, 0.00000, 0.00000, 0.00871, 0.00000, 0.00087 
481, 9.60000, 0.00000, 0.00000, 0.00871, 0.00000, 0.00087 
482, 9.62000, 0.00000, 0.00000, 0.00871, 0.00000, 0.00087 
483, 9.64000, 0.00000, 0.00000, 0.00871, 0.00000, 0.00087 
484, 9.66000, 0.00000, 0.00000, 0.00871, 0.00000, 0.00087 
485, 9.68000, 0.00000, 0.00000, 0.00871, 0.00000, 0.00087 
486, 9.70000, 0.00000, 0.00000, 0.00871, 0.00000, 0.00087 
487, 9.72000, 0.00000, 0.00000, 0.00871, 0.00000, 0.00087 
488, 9.74000, 0.00000, 0.00000, 0.00871, 0.00000, 0.00087 
489, 9.76000, 0.00000, 0.00000, 0.00871, 0.00000, 0.00087 
490, 9.78000, 0.00000, 0.00000, 0.00871, 0.00000, 0.00087 
491, 9.80000, 0.00000, 0.00000, 0.00871, 0.00000, 0.00087 
492, 9.82000, 0.00000, 0.00000, 0.00871, 0.00000, 0.00087 
493, 9.84000, 0.00000, 0.00000, 0.00871, 0.00000, 0.00087 
494, 9.86000, 0.00000, 0.00000, 0.00871, 0.00000, 0.00087 
495, 9.88000, 0.00000, 0.00000, 0.00871, 0.00000, 0.00087 
496, 9.90000, 0.00000, 0.00000, 0.00871, 0.00000, 0.00087 
497, 9.92000, 0.00000, 0.00000, 0.00871, 0.00000, 0.00087 
498, 9.94000, 0.00000, 0.00000, 0.00871, 0.00000, 0.00087 
499, 9.96000, 0.00000, 0.00000, 0.00871, 0.00000, 0.00087 
500, 9.98000, 0.00000, 0.00000, 0.00871, 0.00000, 0.00087 
501, 10.00000, -0.12500, -27.86844, -27.87899, 0.00000, 0.00087 
502, 10.02000, -0.12500, 17.67268, 17.66371, -0.00550, -0.00463 
503, 10.04000, -0.12500, -17.14580, -17.20808, -0.01270, -0.01153 
504, 10.06000, -0.12500, 10.24839, 10.18225, -0.01951, -0.01784 
505, 10.08000, -0.12500, -10.57844, -10.68676, -0.02729, -0.02485 
506, 10.10000, -0.12500, 5.91021, 5.77921, -0.03475, -0.03136 
507, 10.12000, -0.12500, -6.54011, -6.70848, -0.04268, -0.03813 
508, 10.14000, -0.12500, 3.38864, 3.19171, -0.05027, -0.04442 
509, 10.16000, -0.12500, -4.05247, -4.28154, -0.05797, -0.05068 
510, 10.18000, -0.12500, 1.92534, 1.66940, -0.06528, -0.05648 
511, 10.20000, -0.12500, -2.52478, -2.80588, -0.07245, -0.06207 
512, 10.22000, -0.12500, 1.06950, 0.76776, -0.07919, -0.06720 
513, 10.24000, -0.12500, -1.59815, -1.91654, -0.08563, -0.07205 
514, 10.26000, -0.12500, 0.55535, 0.22490, -0.09159, -0.07645 
515, 10.28000, -0.12500, -1.05249, -1.39028, -0.09716, -0.08052 
516, 10.30000, -0.12500, 0.22822, -0.11225, -0.10223, -0.08418 
517, 10.32000, -0.12500, -0.75101, -1.08952, -0.10686, -0.08751 
518, 10.34000, -0.12500, -0.00001, -0.33215, -0.11099, -0.09046 
519, 10.36000, -0.12500, -0.60710, -0.92875, -0.11468, -0.09310 
520, 10.38000, -0.12500, -0.17787, -0.48517, -0.11789, -0.09541 
521, 10.40000, -0.12500, -0.56469, -0.85430, -0.12067, -0.09743 
522, 10.42000, -0.12500, -0.33062, -0.59946, -0.12301, -0.09918 
523, 10.44000, -0.12500, -0.58658, -0.83219, -0.12496, -0.10068 
524, 10.46000, -0.12500, -0.47013, -0.69034, -0.12652, -0.10194 
525, 10.48000, -0.12500, -0.64745, -0.84073, -0.12773, -0.10301 
526, 10.50000, -0.12500, -0.60085, -0.76594, -0.12862, -0.10388 
527, 10.52000, -0.12500, -0.72976, -0.86602, -0.12921, -0.10460 
528, 10.54000, -0.12500, -0.72338, -0.83044, -0.12954, -0.10517 
529, 10.56000, -0.12500, -0.82119, -0.89920, -0.12963, -0.10561 
530, 10.58000, -0.12500, -0.83660, -0.88595, -0.12951, -0.10594 
531, 10.60000, -0.12500, -0.91317, -0.93469, -0.12921, -0.10619 
532, 10.62000, -0.12500, -0.93889, -0.93361, -0.12877, -0.10635 
533, 10.64000, -0.12500, -0.99984, -0.96910, -0.12820, -0.10645 
534, 10.66000, -0.12500, -1.02880, -0.97411, -0.12754, -0.10650 
535, 10.68000, -0.12500, -1.07742, -1.00049, -0.12680, -0.10651 
536, 10.70000, -0.12500, -1.10537, -1.00803, -0.12600, -0.10649 
537, 10.72000, -0.12500, -1.14369, -1.02789, -0.12517, -0.10645 
538, 10.74000, -0.12500, -1.16824, -1.03595, -0.12433, -0.10640 
539, 10.76000, -0.12500, -1.19769, -1.05096, -0.12349, -0.10634 
540, 10.78000, -0.12500, -1.21763, -1.05849, -0.12265, -0.10627 
541, 10.80000, -0.12500, -1.23936, -1.06981, -0.12185, -0.10621 
542, 10.82000, -0.12500, -1.25431, -1.07630, -0.12108, -0.10616 
543, 10.84000, -0.12500, -1.26936, -1.08477, -0.12036, -0.10611 
544, 10.86000, -0.12500, -1.27944, -1.09007, -0.11969, -0.10608 
545, 10.88000, -0.12500, -1.28879, -1.09631, -0.11908, -0.10606 
546, 10.90000, -0.12500, -1.29447, -1.10045, -0.11853, -0.10606 
547, 10.92000, -0.12500, -1.29909, -1.10498, -0.11805, -0.10607 
548, 10.94000, -0.12500, -1.30100, -1.10810, -0.11763, -0.10610 
549, 10.96000, -0.12500, -1.30184, -1.11131, -0.11727, -0.10614 
550, 10.98000, -0.12500, -1.30070, -1.11358, -0.11698, -0.10620 
551, 11.00000, -0.12500, -1.29865, -1.11582, -0.11676, -0.10628 
552, 11.02000, -0.12500, -1.29522, -1.11743, -0.11660, -0.10637 
553, 11.04000, -0.12500, -1.29110, -1.11896, -0.11649, -0.10647 
554, 11.06000, -0.12500, -1.28608, -1.12008, -0.11644, -0.10659 
555, 11.08000, -0.12500, -1.28063, -1.12113, -0.11645, -0.10672 
556, 11.10000, -0.12500, -1.27466, -1.12192, -0.11650, -0.10686 
557, 11.12000, -0.12500, -1.26850, -1.12266, -0.11659, -0.10701 
558, 11.14000, -0.12500, -1.26214, -1.12325, -0.11672, -0.10717 
559, 11.16000, -0.12500, -1.25580, -1.12381, -0.11689, -0.10734 
560, 11.18000, -0.12500, -1.24950, -1.12430, -0.11708, -0.10751 
561, 11.20000, -0.12500, -1.24340, -1.12479, -0.11731, -0.10770 
562, 11.22000, -0.12500, -1.23752, -1.12525, -0.11755, -0.10788 
563, 11.24000, -0.12500, -1.23196, -1.12573, -0.11781, -0.10807 
564, 11.26000, -0.12500, -1.22674, -1.12623, -0.11808, -0.10826 
565, 11.28000, -0.12500, -1.22194, -1.12676, -0.11836, -0.10845 
566, 11.30000, -0.12500, -1.21755, -1.12731, -0.11865, -0.10865 
567, 11.32000, -0.12500, -1.21363, -1.12792, -0.11894, -0.10885 
568, 11.34000, -0.12500, -1.21016, -1.12856, -0.11923, -0.10904 
569, 11.36000, -0.12500, -1.20717, -1.12925, -0.11952, -0.10924 
570, 11.38000, -0.12500, -1.20464, -1.12999, -0.11981, -0.10943 
571, 11.40000, -0.12500, -1.20257, -1.13078, -0.12008, -0.10963 
572, 11.42000, -0.12500, -1.20095, -1.13161, -0.12035, -0.10982 
573, 11.44000, -0.12500, -1.19974, -1.13248, -0.12061, -0.11001 
574, 11.46000, -0.12500, -1.19895, -1.13340, -0.12086, -0.11020 
575, 11.48000, -0.12500, -1.19852, -1.13435, -0.12109, -0.11038 
576, 11.50000, -0.12500, -1.19845, -1.13534, -0.12131, -0.11057 
577, 11.52000, -0.12500, -1.19870, -1.13636, -0.12152, -0.11075 
578, 11.54000, -0.12500, -1.19923, -1.13741, -0.12171, -0.11093 
579, 11.56000, -0.12500, -1.20003, -1.13848, -0.12190, -0.11110 
580, 11.58000, -0.12500, -1.20104, -1.13958, -0.12206, -0.11127 
581, 11.60000, -0.12500, -1.20226, -1.14069, -0.12222, -0.11144 
582, 11.62000, -0.12500, -1.20364, -1.14181, -0.12236, -0.11161 
583, 11.64000, -0.12500, -1.20515, -1.14295, -0.12249, -0.11178 
584, 11.66000, -0.12500, -1.20677, -1.14410, -0.12261, -0.11194 
585, 11.68000, -0.12500, -1.20847, -1.14524, -0.12271, -0.11210 
586, 11.70000, -0.12500, -1.21023, -1.14640, -0.12281, -0.11225 
587, 11.72000, -0.12500, -1.21202, -1.14755, -0.12289, -0.11240 
588, 11.74000, -0.12500, -1.21383, -1.14870, -0.12297, -0.11256 
589, 11.76000, -0.12500, -1.21563, -1.14984, -0.12304, -0.11270 
590, 11.78000, -0.12500, -1.21740, -1.15098, -0.12310, -0.11285 
591, 11.80000, -0.12500, -1.21914, -1.15211, -0.12315, -0.11299 
592, 11.82000, -0.12500, -1.22083, -1.15323, -0.12320, -0.11313 
593, 11.84000, -0.12500, -1.22245, -1.15434, -0.12324, -0.11327 
594, 11.86000, -0.12500, -1.22401, -1.15544, -0.12328, -0.11341 
595, 11.88000, -0.12500, -1.22549, -1.15653, -0.12331, -0.11354 
596, 11.90000, -0.12500, -1.22689, -1.15760, -0.12334, -0.11368 
597, 11.92000, -0.12500, -1.22820, -1.15866, -0.12337, -0.11381 
598, 11.94000, -0.12500, -1.22942, -1.15971, -0.12340, -0.11394 
599, 11.96000, -0.12500, -1.23055, -1.16074, -0.12342, -0.11406 
600, 11.98000, -0.12500, -1.23159, -1.16175, -0.12344, -0.11419 
601, 12.00000, -0.12500, -1.23255, -1.16275, -0.12346, -0.11431 
602, 12.02000, -0.12500, -1.23342, -1.16374, -0.12348, -0.11444 
603, 12.04000, -0.12500, -1.23420, -1.16471, -0.12350, -0.11456 
604, 12.06000, -0.12500, -1.23490, -1.16567, -0.12352, -0.11468 
605, 12.08000, -0.12500, -1.23553, -1.16661, -0.12354, -0.11479 
606, 12.10000, -0.12500, -1.23609, -1.16754, -0.12356, -0.11491 
607, 12.12000, -0.12500, -1.23658, -1.16846, -0.12359, -0.11503 
608, 12.14000, -0.12500, -1.23700, -1.16936, -0.12361, -0.11514 
609, 12.16000, -0.12500, -1.23737, -1.17024, -0.12363, -0.11525 
610, 12.18000, -0.12500, -1.23769, -1.17112, -0.12365, -0.11536 
611, 12.20000, -0.12500, -1.23797, -1.17198, -0.12368, -0.11547 
612, 12.22000, -0.12500, -1.23820, -1.17283, -0.12370, -0.11558 
613, 12.24000, -0.12500, -1.23839, -1.17366, -0.12373, -0.11569 
614, 12.26000, -0.12500, -1.23856, -1.17449, -0.12375, -0.11579 
615, 12.28000, -0.12500, -1.23870, -1.17530, -0.12378, -0.11590 
616, 12.30000, -0.12500, -1.23881, -1.17610, -0.12381, -0.11600 
617, 12.32000, -0.12500, -1.23891, -1.17689, -0.12383, -0.11610 
618, 12.34000, -0.12500, -1.23900, -1.17767, -0.12386, -0.11620 
619, 12.36000, -0.12500, -1.23907, -1.17844, -0.12389, -0.11630 
620, 12.38000, -0.12500, -1.23913, -1.17919, -0.12392, -0.11640 
621, 12.40000, -0.12500, -1.23919, -1.17994, -0.12395, -0.11650 
622, 12.42000, -0.12500, -1.23925, -1.18068, -0.12397, -0.11659 
623, 12.44000, -0.12500, -1.23931, -1.18141, -0.12400, -0.11669 
624, 12.46000, -0.12500, -1.23937, -1.18213, -0.12403, -0.11678 
625, 12.48000, -0.12500, -1.23943, -1.18284, -0.12406, -0.11687 
626, 12.50000, -0.12500, -1.23949, -1.18354, -0.12409, -0.11696 
627, 12.52000, -0.12500, -1.23956, -1.18423, -0.12411, -0.11706 
628, 12.54000, -0.12500, -1.23964, -1.18492, -0.12414, -0.11714 
629, 12.56000, -0.12500, -1.23972, -1.18559, -0.12417, -0.11723 
630, 12.58000, -0.12500, -1.23981, -1.18626, -0.12419, -0.11732 
631, 12.60000, -0.12500, -1.23991, -1.18692, -0.12422, -0.11741 
632, 12.62000, -0.12500, -1.24001, -1.18757, -0.12424, -0.11749 
633, 12.64000, -0.12500, -1.24012, -1.18821, -0.12427, -0.11758 
634, 12.66000, -0.12500, -1.24024, -1.18884, -0.12429, -0.11766 
635, 12.68000, -0.12500, -1.24036, -1.18947, -0.12431, -0.11774 
636, 12.70000, -0.12500, -1.24049, -1.19009, -0.12433, -0.11782 
637, 12.72000, -0.12500, -1.24062, -1.19070, -0.12435, -0.11790 
638, 12.74000, -0.12500, -1.24076, -1.19131, -0.12437, -0.11798 
639, 12.76000, -0.12500, -1.24090, -1.19190, -0.12439, -0.11806 
640, 12.78000, -0.12500, -1.24104, -1.19249, -0.12441, -0.11814 
641, 12.80000, -0.12500, -1.24119, -1.19307, -0.12443, -0.11821 
642, 12.82000, -0.12500, -1.24134, -1.19365, -0.12445, -0.11829 
643, 12.84000, -0.12500, -1.24149, -1.19422, -0.12446, -0.11836 
644, 12.86000, -0.12500, -1.24164, -1.19478, -0.12448, -0.11843 
645, 12.88000, -0.12500, -1.24178, -1.19533, -0.12450, -0.11851 
646, 12.90000, -0.12500, -1.24193, -1.19588, -0.12451, -0.11858 
647, 12.92000, -0.12500, -1.24208, -1.19642, -0.12452, -0.11865 
648, 12.94000, -0.12500, -1.24223, -1.19696, -0.12454, -0.11872 
649, 12.96000, -0.12500, -1.24237, -1.19749, -0.12455, -0.11879 
650, 12.98000, -0.12500, -1.24251, -1.19801, -0.12456, -0.11886 
651, 13.00000, -0.12500, -1.24265, -1.19852, -0.12458, -0.11892 
652, 13.02000, -0.12500, -1.24278, -1.19903, -0.12459, -0.11899 
653, 13.04000, -0.12500, -1.24291, -1.19953, -0.12460, -0.11905 
654, 13.06000, -0.12500, -1.24304, -1.20003, -0.12461, -0.11912 
655, 13.08000, -0.12500, -1.24316, -1.20052, -0.12462, -0.11918 
656, 13.10000, -0.12500, -1.24328, -1.20100, -0.12463, -0.11925 
657, 13.12000, -0.12500, -1.24339, -1.20148, -0.12464, -0.11931 
658, 13.14000, -0.12500, -1.24350, -1.20195, -0.12465, -0.11937 
659, 13.16000, -0.12500, -1.24361, -1.20242, -0.12466, -0.11943 
660, 13.18000, -0.12500, -1.24371, -1.20288, -0.12467, -0.11949 
661, 13.20000, -0.12500, -1.24381, -1.20333, -0.12468, -0.11955 
662, 13.22000, -0.12500, -1.24390, -1.20378, -0.12468, -0.11961 
663, 13.24000, -0.12500, -1.24399, -1.20422, -0.12469, -0.11967 
664, 13.26000, -0.12500, -1.24408, -1.20466, -0.12470, -0.11972 
665, 13.28000, -0.12500, -1.24416, -1.20509, -0.12471, -0.11978 
666, 13.30000, -0.12500, -1.24424, -1.20552, -0.12471, -0.11984 
667, 13.32000, -0.12500, -1.24431, -1.20594, -0.12472, -0.11989 
668, 13.34000, -0.12500, -1.24438, -1.20636, -0.12473, -0.11995 
669, 13.36000, -0.12500, -1.24445, -1.20677, -0.12474, -0.12000 
670, 13.38000, -0.12500, -1.24452, -1.20718, -0.12474, -0.12005 
671, 13.40000, -0.12500, -1.24458, -1.20758, -0.12475, -0.12011 
672, 13.42000, -0.12500, -1.24464, -1.20797, -0.12476, -0.12016 
673, 13.44000, -0.12500, -1.24470, -1.20836, -0.12476, -0.12021 
674, 13.46000, -0.12500, -1.24475, -1.20875, -0.12477, -0.12026 
675, 13.48000, -0.12500, -1.24480, -1.20913, -0.12477, -0.12031 
676, 13.50000, -0.12500, -1.24485, -1.20951, -0.12478, -0.12036 
677, 13.52000, -0.12500, -1.24490, -1.20988, -0.12479, -0.12041 
678, 13.54000, -0.12500, -1.24495, -1.21025, -0.12479, -0.12045 
679, 13.56000, -0.12500, -1.24500, -1.21061, -0.12480, -0.12050 
680, 13.58000, -0.12500, -1.24504, -1.21097, -0.12480, -0.12055 
681, 13.60000, -0.12500, -1.24508, -1.21132, -0.12481, -0.12059 
682, 13.62000, -0.12500, -1.24512, -1.21167, -0.12481, -0.12064 
683, 13.64000, -0.12500, -1.24517, -1.21201, -0.12482, -0.12068 
684, 13.66000, -0.12500, -1.24520, -1.21235, -0.12482, -0.12073 
685, 13.68000, -0.12500, -1.24524, -1.21269, -0.12483, -0.12077 
686, 13.70000, -0.12500, -1.24528, -1.21302, -0.12483, -0.12082 
687, 13.72000, -0.12500, -1.24532, -1.21335, -0.12484, -0.12086 
688, 13.74000, -0.12500, -1.24535, -1.21367, -0.12484, -0.12090 
689, 13.76000, -0.12500, -1.24539, -1.21399, -0.12485, -0.12094 
690, 13.78000, -0.12500, -1.24542, -1.21430, -0.12485, -0.12098 
691, 13.80000, -0.12500, -1.24545, -1.21462, -0.12485, -0.12103 
692, 13.82000, -0.12500, -1.24549, -1.21492, -0.12486, -0.12107 
693, 13.84000, -0.12500, -1.24552, -1.21523, -0.12486, -0.12111 
694, 13.86000, -0.12500, -1.24555, -1.21553, -0.12487, -0.12114 
695, 13.88000, -0.12500, -1.24558, -1.21582, -0.12487, -0.12118 
696, 13.90000, -0.12500, -1.24561, -1.21611, -0.12487, -0.12122 
697, 13.92000, -0.12500, -1.24564, -1.21640, -0.12488, -0.12126 
698, 13.94000, -0.12500, -1.24567, -1.21669, -0.12488, -0.12130 
699, 13.96000, -0.12500, -1.24570, -1.21697, -0.12488, -0.12133 
700, 13.98000, -0.12500, -1.24573, -1.21725, -0.12489, -0.12137 
701, 14.00000, -0.12500, -1.24575, -1.21752, -0.12489, -0.12141 
702, 14.02000, -0.12500, -1.24578, -1.21779, -0.12489, -0.12144 
703, 14.04000, -0.12500, -1.24581, -1.21806, -0.12490, -0.12148 
704, 14.06000, -0.12500, -1.24583, -1.21832, -0.12490, -0.12151 
705, 14.08000, -0.12500, -1.24586, -1.21859, -0.12490, -0.12154 
706, 14.10000, -0.12500, -1.24588, -1.21884, -0.12490, -0.12158 
707, 14.12000, -0.12500, -1.24590, -1.21910, -0.12491, -0.12161 
708, 14.14000, -0.12500, -1.24593, -1.21935, -0.12491, -0.12164 
709, 14.16000, -0.12500, -1.24595, -1.21960, -0.12491, -0.12168 
710, 14.18000, -0.12500, -1.24597, -1.21984, -0.12491, -0.12171 
711, 14.20000, -0.12500, -1.24599, -1.22008, -0.12492, -0.12174 
712, 14.22000, -0.12500, -1.24602, -1.22032, -0.12492, -0.12177 
713, 14.24000, -0.12500, -1.24604, -1.22056, -0.12492, -0.12180 
714, 14.26000, -0.12500, -1.24606, -1.22079, -0.12492, -0.12183 
715, 14.28000, -0.12500, -1.24607, -1.22102, -0.12493, -0.12186 
716, 14.30000, -0.12500, -1.24609, -1.22125, -0.12493, -0.12189 
717, 14.32000, -0.12500, -1.24611, -1.22147, -0.12493, -0.12192 
718, 14.34000, -0.12500, -1.24613, -1.22169, -0.12493, -0.12195 
719, 14.36000, -0.12500, -1.24615, -1.22191, -0.12493, -0.12198 
720, 14.38000, -0.12500, -1.24616, -1.22213, -0.12493, -0.12201 
721, 14.40000, -0.12500, -1.24618, -1.22234, -0.12494, -0.12204 
722, 14.42000, -0.12500, -1.24620, -1.22255, -0.12494, -0.12206 
723, 14.44000, -0.12500, -1.24621, -1.22276, -0.12494, -0.12209 
724, 14.46000, -0.12500, -1.24623, -1.22296, -0.12494, -0.12212 
725, 14.48000, -0.12500, -1.24624, -1.22316, -0.12494, -0.12214 
726, 14.50000, -0.12500, -1.24625, -1.22336, -0.12494, -0.12217 
727, 14.52000, -0.12500, -1.24627, -1.22356, -0.12495, -0.12220 
728, 14.54000, -0.12500, -1.24628, -1.22376, -0.12495, -0.12222 
729, 14.56000, -0.12500, -1.24629, -1.22395, -0.12495, -0.12225 
730, 14.58000, -0.12500, -1.24631, -1.22414, -0.12495, -0.12227 
731, 14.60000, -0.12500, -1.24632, -1.22433, -0.12495, -0.12230 
732, 14.62000, -0.12500, -1.24633, -1.22451, -0.12495, -0.12232 
733, 14.64000, -0.12500, -1.24634, -1.22469, -0.12495, -0.12234 
734, 14.66000, -0.12500, -1.24635, -1.22487, -0.12496, -0.12237 
735, 14.68000, -0.12500, -1.24636, -1.22505, -0.12496, -0.12239 
736, 14.70000, -0.12500, -1.24637, -1.22523, -0.12496, -0.12241 
737, 14.72000, -0.12500, -1.24638, -1.22540, -0.12496, -0.12244 
738, 14.74000, -0.12500, -1.24639, -1.22557, -0.12496, -0.12246 
739, 14.76000, -0.12500, -1.24640, -1.22574, -0.12496, -0.12248 
740, 14.78000, -0.12500, -1.24641, -1.22591, -0.12496, -0.12250 
741, 14.80000, -0.12500, -1.24642, -1.22608, -0.12496, -0.12253 
742, 14.82000, -0.12500, -1.24643, -1.22624, -0.12496, -0.12255 
743, 14.84000, -0.12500, -1.24644, -1.22640, -0.12497, -0.12257 
744, 14.86000, -0.12500, -1.24645, -1.22656, -0.12497, -0.12259 
745, 14.88000, -0.12500, -1.24645, -1.22672, -0.12497, -0.12261 
746, 14.90000, -0.12500, -1.24646, -1.22687, -0.12497, -0.12263 
747, 14.92000, -0.12500, -1.24647, -1.22702, -0.12497, -0.12265 
748, 14.94000, -0.12500, -1.24648, -1.22717, -0.12497, -0.12267 
749, 14.96000, -0.12500, -1.24648, -1.22732, -0.12497, -0.12269 
750, 14.98000, -0.12500, -1.24649, -1.22747, -0.12497, -0.12271 
751, 15.00000, -0.12500, -1.24650, -1.22762, -0.12497, -0.12273 
752, 15.02000, -0.12500, -1.24651, -1.22776, -0.12497, -0.12275 
753, 15.04000, -0.12500, -1.24651, -1.22790, -0.12497, -0.12277 
754, 15.06000, -0.12500, -1.24652, -1.22804, -0.12497, -0.12278 
755, 15.08000, -0.12500, -1.24652, -1.22818, -0.12498, -0.12280 
756, 15.10000, -0.12500, -1.24653, -1.22832, -0.12498, -0.12282 
757, 15.12000, -0.12500, -1.24654, -1.22845, -0.12498, -0.12284 
758, 15.14000, -0.12500, -1.24654, -1.22858, -0.12498, -0.12285 
759, 15.16000, -0.12500, -1.24655, -1.22872, -0.12498, -0.12287 
760, 15.18000, -0.12500, -1.24655, -1.22884, -0.12498, -0.12289 
761, 15.20000, -0.12500, -1.24656, -1.22897, -0.12498, -0.12291 
762, 15.22000, -0.12500, -1.24656, -1.22910, -0.12498, -0.12292 
763, 15.24000, -0.12500, -1.24657, -1.22922, -0.12498, -0.12294 
764, 15.26000, -0.12500, -1.24657, -1.22935, -0.12498, -0.12295 
765, 15.28000, -0.12500, -1.24658, -1.22947, -0.12498, -0.12297 
766, 15.30000, -0.12500, -1.24658, -1.22959, -0.12498, -0.12299 
767, 15.32000, -0.12500, -1.24659, -1.22971, -0.12498, -0.12300 
768, 15.34000, -0.12500, -1.24659, -1.22982, -0.12498, -0.12302 
769, 15.36000, -0.12500, -1.24660, -1.22994, -0.12498, -0.12303 
770, 15.38000, -0.12500, -1.24660, -1.23005, -0.12498, -0.12305 
771, 15.40000, -0.12500, -1.24660, -1.23017, -0.12498, -0.12306 
772, 15.42000, -0.12500, -1.24661, -1.23028, -0.12498, -0.12308 
773, 15.44000, -0.12500, -1.24661, -1.23039, -0.12498, -0.12309 
774, 15.46000, -0.12500, -1.24661, -1.23050, -0.12499, -0.12311 
775, 15.48000, -0.12500, -1.24662, -1.23060, -0.12499, -0.12312 
776, 15.50000, -0.12500, -1.24662, -1.23071, -0.12499, -0.12313 
777, 15.52000, -0.12500, -1.24663, -1.23081, -0.12499, -0.12315 
778, 15.54000, -0.12500, -1.24663, -1.23092, -0.12499, -0.12316 
779, 15.56000, -0.12500, -1.24663, -1.23102, -0.12499, -0.12317 
780, 15.58000, -0.12500, -1.24664, -1.23112, -0.12499, -0.12319 
781, 15.60000, -0.12500, -1.24664, -1.23122, -0.12499, -0.12320 
782, 15.62000, -0.12500, -1.24664, -1.23132, -0.12499, -0.12321 
783, 15.64000, -0.12500, -1.24664, -1.23141, -0.12499, -0.12323 
784, 15.66000, -0.12500, -1.24665, -1.23151, -0.12499, -0.12324 
785, 15.68000, -0.12500, -1.24665, -1.23160, -0.12499, -0.12325 
786, 15.70000, -0.12500, -1.24665, -1.23170, -0.12499, -0.12326 
787, 15.72000, -0.12500, -1.24665, -1.23179, -0.12499, -0.12327 
788, 15.74000, -0.12500, -1.24666, -1.23188, -0.12499, -0.12329 
789, 15.76000, -0.12500, -1.24666, -1.23197, -0.12499, -0.12330 
790, 15.78000, -0.12500, -1.24666, -1.23206, -0.12499, -0.12331 
791, 15.80000, -0.12500, -1.24666, -1.23214, -0.12499, -0.12332 
792, 15.82000, -0.12500, -1.24667, -1.23223, -0.12499, -0.12333 
793, 15.84000, -0.12500, -1.24667, -1.23232, -0.12499, -0.12334 
794, 15.86000, -0.12500, -1.24667, -1.23240, -0.12499, -0.12336 
795, 15.88000, -0.12500, -1.24667, -1.23248, -0.12499, -0.12337 
796, 15.90000, -0.12500, -1.24668, -1.23257, -0.12499, -0.12338 
797, 15.92000, -0.12500, -1.24668, -1.23265, -0.12499, -0.12339 
798, 15.94000, -0.12500, -1.24668, -1.23273, -0.12499, -0.12340 
799, 15.96000, -0.12500, -1.24668, -1.23280, -0.12499, -0.12341 
800, 15.98000, -0.12500, -1.24668, -1.23288, -0.12499, -0.12342 
801, 16.00000, -0.12500, -1.24668, -1.23296, -0.12499, -0.12343 
802, 16.02000, -0.12500, -1.24669, -1.23304, -0.12499, -0.12344 
803, 16.04000, -0.12500, -1.24669, -1.23311, -0.12499, -0.12345 
804, 16.06000, -0.12500, -1.24669, -1.23318, -0.12499, -0.12346 
805, 16.08000, -0.12500, -1.24669, -1.23326, -0.12499, -0.12347 
806, 16.10000, -0.12500, -1.24669, -1.23333, -0.12499, -0.12348 
807, 16.12000, -0.12500, -1.24669, -1.23340, -0.12499, -0.12349 
808, 16.14000, -0.12500, -1.24670, -1.23347, -0.12499, -0.12350 
809, 16.16000, -0.12500, -1.24670, -1.23354, -0.12499, -0.12350 
810, 16.18000, -0.12500, -1.24670, -1.23361, -0.12499, -0.12351 
811, 16.20000, -0.12500, -1.24670, -1.23368, -0.12499, -0.12352 
812, 16.22000, -0.12500, -1.24670, -1.23374, -0.12499, -0.12353 
813, 16.24000, -0.12500, -1.24670, -1.23381, -0.12499, -0.12354 
814, 16.26000, -0.12500, -1.24670, -1.23387, -0.12500, -0.12355 
815, 16.28000, -0.12500, -1.24670, -1.23394, -0.12500, -0.12356 
816, 16.30000, -0.12500, -1.24671, -1.23400, -0.12500, -0.12357 
817, 16.32000, -0.12500, -1.24671, -1.23407, -0.12500, -0.12357 
818, 16.34000, -0.12500, -1.24671, -1.23413, -0.12500, -0.12358 
819, 16.36000, -0.12500, -1.24671, -1.23419, -0.12500, -0.12359 
820, 16.38000, -0.12500, -1.24671, -1.23425, -0.12500, -0.12360 
821, 16.40000, -0.12500, -1.24671, -1.23431, -0.12500, -0.12361 
822, 16.42000, -0.12500, -1.24671, -1.23437, -0.12500, -0.12361 
823, 16.44000, -0.12500, -1.24671, -1.23442, -0.12500, -0.12362 
824, 16.46000, -0.12500, -1.24671, -1.23448, -0.12500, -0.12363 
825, 16.48000, -0.12500, -1.24671, -1.23454, -0.12500, -0.12364 
826, 16.50000, -0.12500, -1.24672, -1.23459, -0.12500, -0.12364 
827, 16.52000, -0.12500, -1.24672, -1.23465, -0.12500, -0.12365 
828, 16.54000, -0.12500, -1.24672, -1.23470, -0.12500, -0.12366 
829, 16.56000, -0.12500, -1.24672, -1.23476, -0.12500, -0.12366 
830, 16.58000, -0.12500, -1.24672, -1.23481, -0.12500, -0.12367 
831, 16.60000, -0.12500, -1.24672, -1.23486, -0.12500, -0.12368 
832, 16.62000, -0.12500, -1.24672, -1.23492, -0.12500, -0.12368 
833, 16.64000, -0.12500, -1.24672, -1.23497, -0.12500, -0.12369 
834, 16.66000, -0.12500, -1.24672, -1.23502, -0.12500, -0.12370 
835, 16.68000, -0.12500, -1.24672, -1.23507, -0.12500, -0.12370 
836, 16.70000, -0.12500, -1.24672, -1.23512, -0.12500, -0.12371 
837, 16.72000, -0.12500, -1.24672, -1.23516, -0.12500, -0.12372 
838, 16.74000, -0.12500, -1.24672, -1.23521, -0.12500, -0.12372 
839, 16.76000, -0.12500, -1.24673, -1.23526, -0.12500, -0.12373 
840, 16.78000, -0.12500, -1.24673, -1.23531, -0.12500, -0.12374 
841, 16.80000, -0.12500, -1.24673, -1.23535, -0.12500, -0.12374 
842, 16.82000, -0.12500, -1.24673, -1.23540, -0.12500, -0.12375 
843, 16.84000, -0.12500, -1.24673, -1.23544, -0.12500, -0.12375 
844, 16.86000, -0.12500, -1.24673, -1.23549, -0.12500, -0.12376 
845, 16.88000, -0.12500, -1.24673, -1.23553, -0.12500, -0.12377 
846, 16.90000, -0.12500, -1.24673, -1.23557, -0.12500, -0.12377 
847, 16.92000, -0.12500, -1.24673, -1.23562, -0.12500, -0.12378 
848, 16.94000, -0.12500, -1.24673, -1.23566, -0.12500, -0.12378 
849, 16.96000, -0.12500, -1.24673, -1.23570, -0.12500, -0.12379 
850, 16.98000, -0.12500, -1.24673, -1.23574, -0.12500, -0.12379 
851, 17.00000, -0.12500, -1.24673, -1.23578, -0.12500, -0.12380 
852, 17.02000, -0.12500, -1.24673, -1.23582, -0.12500, -0.12380 
853, 17.04000, -0.12500, -1.24673, -1.23586, -0.12500, -0.12381 
854, 17.06000, -0.12500, -1.24673, -1.23590, -0.12500, -0.12381 
855, 17.08000, -0.12500, -1.24673, -1.23594, -0.12500, -0.12382 
856, 17.10000, -0.12500, -1.24673, -1.23598, -0.12500, -0.12382 
857, 17.12000, -0.12500, -1.24673, -1.23602, -0.12500, -0.12383 
858, 17.14000, -0.12500, -1.24673, -1.23605, -0.12500, -0.12383 
859, 17.16000, -0.12500, -1.24673, -1.23609, -0.12500, -0.12384 
860, 17.18000, -0.12500, -1.24673, -1.23613, -0.12500, -0.12384 
861, 17.20000, -0.12500, -1.24674, -1.23616, -0.12500, -0.12385 
862, 17.22000, -0.12500, -1.24674, -1.23620, -0.12500, -0.12385 
863, 17.24000, -0.12500, -1.24674, -1.23623, -0.12500, -0.12386 
864, 17.26000, -0.12500, -1.24674, -1.23627, -0.12500, -0.12386 
865, 17.28000, -0.12500, -1.24674, -1.23630, -0.12500, -0.12387 
866, 17.30000, -0.12500, -1.24674, -1.23633, -0.12500, -0.12387 
867, 17.32000, -0.12500, -1.24674, -1.23637, -0.12500, -0.12388 
868, 17.34000, -0.12500, -1.24674, -1.23640, -0.12500, -0.12388 
869, 17.36000, -0.12500, -1.24674, -1.23643, -0.12500, -0.12388 
870, 17.38000, -0.12500, -1.24674, -1.23646, -0.12500, -0.12389 
871, 17.40000, -0.12500, -1.24674, -1.23649, -0.12500, -0.12389 
872, 17.42000, -0.12500, -1.24674, -1.23653, -0.12500, -0.12390 
873, 17.44000, -0.12500, -1.24674, -1.23656, -0.12500, -0.12390 
874, 17.46000, -0.12500, -1.24674, -1.23659, -0.12500, -0.12390 
875, 17.48000, -0.12500, -1.24674, -1.23662, -0.12500, -0.12391 
876, 17.50000, -0.12500, -1.24674, -1.23665, -0.12500, -0.12391 
877, 17.52000, -0.12500, -1.24674, -1.23667, -0.12500, -0.12392 
878, 17.54000, -0.12500, -1.24674, -1.23670, -0.12500, -0.12392 
879, 17.56000, -0.12500, -1.24674, -1.23673, -0.12500, -0.12392 
880, 17.58000, -0.12500, -1.24674, -1.23676, -0.12500, -0.12393 
881, 17.60000, -0.12500, -1.24674, -1.23679, -0.12500, -0.12393 
882, 17.62000, -0.12500, -1.24674, -1.23681, -0.12500, -0.12393 
883, 17.64000, -0.12500, -1.24674, -1.23684, -0.12500, -0.12394 
884, 17.66000, -0.12500, -1.24674, -1.23687, -0.12500, -0.12394 
885, 17.68000, -0.12500, -1.24674, -1.23689, -0.12500, -0.12394 
886, 17.70000, -0.12500, -1.24674, -1.23692, -0.12500, -0.12395 
887, 17.72000, -0.12500, -1.24674, -1.23695, -0.12500, -0.12395 
888, 17.74000, -0.12500, -1.24674, -1.23697, -0.12500, -0.12395 
889, 17.76000, -0.12500, -1.24674, -1.23700, -0.12500, -0.12396 
890, 17.78000, -0.12500, -1.24674, -1.23702, -0.12500, -0.12396 
891, 17.80000, -0.12500, -1.24674, -1.23705, -0.12500, -0.12396 
892, 17.82000, -0.12500, -1.24674, -1.23707, -0.12500, -0.12397 
893, 17.84000, -0.12500, -1.24674, -1.23709, -0.12500, -0.12397 
894, 17.86000, -0.12500, -1.24674, -1.23712, -0.12500, -0.12397 
895, 17.88000, -0.12500, -1.24674, -1.23714, -0.12500, -0.12398 
896, 17.90000, -0.12500, -1.24674, -1.23716, -0.12500, -0.12398 
897, 17.92000, -0.12500, -1.24674, -1.23718, -0.12500, -0.12398 
898, 17.94000, -0.12500, -1.24674, -1.23721, -0.12500, -0.12399 
899, 17.96000, -0.12500, -1.24674, -1.23723, -0.12500, -0.12399 
900, 17.98000, -0.12500, -1.24674, -1.23725, -0.12500, -0.12399 
901, 18.00000, -0.12500, -1.24674, -1.23727, -0.12500, -0.12399 
902, 18.02000, -0.12500, -1.24674, -1.23729, -0.12500, -0.12400 
903, 18.04000, -0.12500, -1.24674, -1.23731, -0.12500, -0.12400 
904, 18.06000, -0.12500, -1.24674, -1.23733, -0.12500, -0.12400 
905, 18.08000, -0.12500, -1.24674, -1.23736, -0.12500, -0.12401 
906, 18.10000, -0.12500, -1.24674, -1.23738, -0.12500, -0.12401 
907, 18.12000, -0.12500, -1.24674, -1.23740, -0.12500, -0.12401 
908, 18.14000, -0.12500, -1.24674, -1.23741, -0.12500, -0.12401 
909, 18.16000, -0.12500, -1.24674, -1.23743, -0.12500, -0.12402 
910, 18.18000, -0.12500, -1.24674, -1.23745, -0.12500, -0.12402 
911, 18.20000, -0.12500, -1.24674, -1.23747, -0.12500, -0.12402 
912, 18.22000, -0.12500, -1.24674, -1.23749, -0.12500, -0.12402 
913, 18.24000, -0.12500, -1.24674, -1.23751, -0.12500, -0.12403 
914, 18.26000, -0.12500, -1.24674, -1.23753, -0.12500, -0.12403 
915, 18.28000, -0.12500, -1.24674, -1.23754, -0.12500, -0.12403 
916, 18.30000, -0.12500, -1.24674, -1.23756, -0.12500, -0.12403 
917, 18.32000, -0.12500, -1.24674, -1.23758, -0.12500, -0.12403 
918, 18.34000, -0.12500, -1.24674, -1.23760, -0.12500, -0.12404 
919, 18.36000, -0.12500, -1.24674, -1.23761, -0.12500, -0.12404 
920, 18.38000, -0.12500, -1.24674, -1.23763, -0.12500, -0.12404 
921, 18.40000, -0.12500, -1.24674, -1.23765, -0.12500, -0.12404 
922, 18.42000, -0.12500, -1.24675, -1.23766, -0.12500, -0.12405 
923, 18.44000, -0.12500, -1.24675, -1.23768, -0.12500, -0.12405 
924, 18.46000, -0.12500, -1.24675, -1.23770, -0.12500, -0.12405 
925, 18.48000, -0.12500, -1.24675, -1.23771, -0.12500, -0.12405 
926, 18.50000, -0.12500, -1.24675, -1.23773, -0.12500, -0.12405 
927, 18.52000, -0.12500, -1.24675, -1.23774, -0.12500, -0.12406 
928, 18.54000, -0.12500, -1.24675, -1.23776, -0.12500, -0.12406 
929, 18.56000, -0.12500, -1.24675, -1.23777, -0.12500, -0.12406 
930, 18.58000, -0.12500, -1.24675, -1.23779, -0.12500, -0.12406 
931, 18.60000, -0.12500, -1.24675, -1.23780, -0.12500, -0.12406 
932, 18.62000, -0.12500, -1.24675, -1.23782, -0.12500, -0.12407 
933, 18.64000, -0.12500, -1.24675, -1.23783, -0.12500, -0.12407 
934, 18.66000, -0.12500, -1.24675, -1.23784, -0.12500, -0.12407 
935, 18.68000, -0.12500, -1.24675, -1.23786, -0.12500, -0.12407 
936, 18.70000, -0.12500, -1.24675, -1.23787, -0.12500, -0.12407 
937, 18.72000, -0.12500, -1.24675, -1.23789, -0.12500, -0.12407 
938, 18.74000, -0.12500, -1.24675, -1.23790, -0.12500, -0.12408 
939, 18.76000, -0.12500, -1.24675, -1.23791, -0.12500, -0.12408 
940, 18.78000, -0.12500, -1.24675, -1.23793, -0.12500, -0.12408 
941, 18.80000, -0.12500, -1.24675, -1.23794, -0.12500, -0.12408 
942, 18.82000, -0.12500, -1.24675, -1.23795, -0.12500, -0.12408 
943, 18.84000, -0.12500, -1.24675, -1.23796, -0.12500, -0.12409 
944, 18.86000, -0.12500, -1.24675, -1.23798, -0.12500, -0.12409 
945, 18.88000, -0.12500, -1.24675, -1.23799, -0.12500, -0.12409 
946, 18.90000, -0.12500, -1.24675, -1.23800, -0.12500, -0.12409 
947, 18.92000, -0.12500, -1.24675, -1.23801, -0.12500, -0.12409 
948, 18.94000, -0.12500, -1.24675, -1.23802, -0.12500, -0.12409 
949, 18.96000, -0.12500, -1.24675, -1.23804, -0.12500, -0.12409 
950, 18.98000, -0.12500, -1.24675, -1.23805, -0.12500, -0.12410 
951, 19.00000, -0.12500, -1.24675, -1.23806, -0.12500, -0.12410 
952, 19.02000, -0.12500, -1.24675, -1.23807, -0.12500, -0.12410 
953, 19.04000, -0.12500, -1.24675, -1.23808, -0.12500, -0.12410 
954, 19.06000, -0.12500, -1.24675, -1.23809, -0.12500, -0.12410 
955, 19.08000, -0.12500, -1.24675, -1.23810, -0.12500, -0.12410 
956, 19.10000, -0.12500, -1.24675, -1.23811, -0.12500, -0.12410 
957, 19.12000, -0.12500, -1.24675, -1.23812, -0.12500, -0.12411 
958, 19.14000, -0.12500, -1.24675, -1.23813, -0.12500, -0.12411 
959, 19.16000, -0.12500, -1.24675, -1.23814, -0.12500, -0.12411 
960, 19.18000, -0.12500, -1.24675, -1.23815, -0.12500, -0.12411 
961, 19.20000, -0.12500, -1.24675, -1.23816, -0.12500, -0.12411 
962, 19.22000, -0.12500, -1.24675, -1.23817, -0.12500, -0.12411 
963, 19.24000, -0.12500, -1.24675, -1.23818, -0.12500, -0.12411 
964, 19.26000, -0.12500, -1.24675, -1.23819, -0.12500, -0.12412 
965, 19.28000, -0.12500, -1.24675, -1.23820, -0.12500, -0.12412 
966, 19.30000, -0.12500, -1.24675, -1.23821, -0.12500, -0.12412 
967, 19.32000, -0.12500, -1.24675, -1.23822, -0.12500, -0.12412 
968, 19.34000, -0.12500, -1.24675, -1.23823, -0.12500, -0.12412 
969, 19.36000, -0.12500, -1.24675, -1.23824, -0.12500, -0.12412 
970, 19.38000, -0.12500, -1.24675, -1.23825, -0.12500, -0.12412 
971, 19.40000, -0.12500, -1.24675, -1.23826, -0.12500, -0.12412 
972, 19.42000, -0.12500, -1.24675, -1.23826, -0.12500, -0.12412 
973, 19.44000, -0.12500, -1.24675, -1.23827, -0.12500, -0.12413 
974, 19.46000, -0.12500, -1.24675, -1.23828, -0.12500, -0.12413 
975, 19.48000, -0.12500, -1.24675, -1.23829, -0.12500, -0.12413 
976, 19.50000, -0.12500, -1.24675, -1.23830, -0.12500, -0.12413 
977, 19.52000, -0.12500, -1.24675, -1.23831, -0.12500, -0.12413 
978, 19.54000, -0.12500, -1.24675, -1.23831, -0.12500, -0.12413 
979, 19.56000, -0.12500, -1.24675, -1.23832, -0.12500, -0.12413 
980, 19.58000, -0.12500, -1.24675, -1.23833, -0.12500, -0.12413 
981, 19.60000, -0.12500, -1.24675, -1.23834, -0.12500, -0.12413 
982, 19.62000, -0.12500, -1.24675, -1.23835, -0.12500, -0.12414 
983, 19.64000, -0.12500, -1.24675, -1.23835, -0.12500, -0.12414 
984, 19.66000, -0.12500, -1.24675, -1.23836, -0.12500, -0.12414 
985, 19.68000, -0.12500, -1.24675, -1.23837, -0.12500, -0.12414 
986, 19.70000, -0.12500, -1.24675, -1.23837, -0.12500, -0.12414 
987, 19.72000, -0.12500, -1.24675, -1.23838, -0.12500, -0.12414 
988, 19.74000, -0.12500, -1.24675, -1.23839, -0.12500, -0.12414 
989, 19.76000, -0.12500, -1.24675, -1.23840, -0.12500, -0.12414 
990, 19.78000, -0.12500, -1.24675, -1.23840, -0.12500, -0.12414 
991, 19.80000, -0.12500, -1.24675, -1.23841, -0.12500, -0.12414 
992, 19.82000, -0.12500, -1.24675, -1.23842, -0.12500, -0.12414 
993, 19.84000, -0.12500, -1.24675, -1.23842, -0.12500, -0.12415 
994, 19.86000, -0.12500, -1.24675, -1.23843, -0.12500, -0.12415 
995, 19.88000, -0.12500, -1.24675, -1.23844, -0.12500, -0.12415 
996, 19.90000, -0.12500, -1.24675, -1.23844, -0.12500, -0.12415 
997, 19.92000, -0.12500, -1.24675, -1.23845, -0.12500, -0.12415 
998, 19.94000, -0.12500, -1.24675, -1.23845, -0.12500, -0.12415 
999, 19.96000, -0.12500, -1.24675, -1.23846, -0.12500, -0.12415 
1000, 19.98000, -0.12500, -1.24675, -1.23847, -0.12500, -0.12415 
1001, 20.00000, 0.00000, 26.62169, 26.66860, -0.12500, -0.12415 
